"year","month","day","hour","minute","second","height","CO2(ppm)","CO2_sd(ppm)","CH4(ppm)","CH4_sd(ppm)","H2O(ppm)","H2O_sd(ppm)"
2024,8,1,0,0,0,50,436.28740911075283,0.22182451584168858,1.9978153042283302,0.0008398142246590006,13025.810000000001,23.12138
2024,8,1,1,0,0,50,437.7731957662917,0.21970427029377715,1.9984984435133786,0.000911802524269216,12872.825,33.980135000000004
2024,8,1,2,0,0,50,438.33444210167465,0.18284218219026904,2.0041827877519545,0.0008411255317055732,12874.015,28.654110000000003
2024,8,1,3,0,0,50,437.23447131666535,0.2087650310681538,2.004290446757877,0.0007372552503779502,13108.11,22.949424999999998
2024,8,1,4,0,0,50,433.37125832343025,0.1980854046040701,2.002586609385925,0.001091834126330073,13602.235,32.17358
2024,8,1,5,0,0,50,423.9376979287035,0.15600325996013176,2.003075796847581,0.0009707158759611218,13977.415,28.76171
2024,8,1,6,0,0,50,418.42596366863484,0.15229294626737483,2.0028342011773566,0.0011936834053351102,13959.51,33.76859
2024,8,1,7,0,0,50,410.0773697079825,0.18072788951103702,2.0015550523967294,0.0009640249851264454,13378.695,24.998955000000002
2024,8,1,8,0,0,50,405.84114504022307,0.23283126095884318,2.0022458204129445,0.0009124060186294147,13260.365,33.31308
2024,8,1,9,0,0,50,401.82518384333537,0.1702214048249323,1.996963310365475,0.0007718597698462056,12777.18,27.977545
2024,8,1,10,0,0,50,400.50389432596353,0.18347740020130016,1.996785302142222,0.0009807511954810896,12665.905,28.89139
2024,8,1,11,0,0,50,399.7772094299001,0.2148957644242665,1.9950986154257957,0.0008597979803732621,12562.895,21.34425
2024,8,1,12,0,0,50,397.8801685291811,0.21022871183947622,1.993941811804997,0.0008470656736838458,14693.045,33.57033
2024,8,1,13,0,0,50,399.63797132029697,0.17681296787131712,1.9909206862906474,0.000706866052753892,14161.535,23.474935000000002
2024,8,1,14,0,0,50,400.2568105949729,0.18178433468461014,1.9927068739400595,0.0008948281142221034,14062.115,28.0871
2024,8,1,15,0,0,50,402.1709231138942,0.1745892734438706,1.9916881653632832,0.0007174387067391247,13870.005000000001,23.87684
2024,8,1,16,0,0,50,402.58073166107124,0.14642180748200223,1.9945204270525454,0.0009270726337805046,14010.105,20.63095
2024,8,1,17,0,0,50,403.7352477691537,0.17306055837345496,1.9928040886301468,0.0009317447034958007,14342.18,26.292555
2024,8,1,18,0,0,50,407.75785443324935,0.21834420277646133,1.9907903822956259,0.0010531612111810149,13982.015,35.826645
2024,8,1,19,0,0,50,411.7684205818864,0.15471972137841883,1.9863591248778438,0.001098882458198129,13753.84,37.938135
2024,8,1,20,0,0,50,415.17746710439536,0.15885216225373228,1.985841287108927,0.000793336691155372,13584.39,22.86164
2024,8,1,21,0,0,50,417.20539743285326,0.1655486549053045,1.9863649949490405,0.0007214140272960253,13677.865,29.88092
2024,8,1,22,0,0,50,419.6784276118474,0.17223551013562993,1.9850944166565576,0.0014882926590059362,13830.715,38.079634999999996
2024,8,1,23,0,0,50,421.33680314903825,0.16232450622677208,1.986132937756491,0.00104627918328256,13794.92,31.451385000000002
2024,8,2,0,0,0,50,423.40430072426597,0.18270960926624974,1.988233288009864,0.0010971206674614885,13726.8,31.979595000000003
2024,8,2,1,0,0,50,424.3116650924957,0.19284259770672307,1.991239440041931,0.0008831305222975335,13779.29,27.003079999999997
2024,8,2,2,0,0,50,423.1183033543324,0.1681394492701152,1.994019248574615,0.0011090889743072987,13731.455,28.54533
2024,8,2,3,0,0,50,422.5253931397603,0.14362350778776245,1.995896363475787,0.0010840552995378505,13702.615,29.47786
2024,8,2,4,0,0,50,422.2480046396254,0.1612157595495137,1.9935220785346415,0.001211700385953474,13847.455,31.173434999999998
2024,8,2,5,0,0,50,419.4389969381973,0.18235535606641384,1.9927059836316752,0.0016632376405049335,13631.46,46.528765
2024,8,2,6,0,0,50,412.60824287017,0.16865566338779245,1.9910767683332626,0.0009021193650844733,13497.525000000001,26.717154999999998
2024,8,2,7,0,0,50,409.4813060795613,0.2359715833972178,1.989642117621859,0.0012637168109767966,13256.455000000002,37.31706
2024,8,2,8,0,0,50,405.73720428540287,0.19750231449931338,1.9907114747767256,0.001085253663721047,13357.82,33.59703
2024,8,2,9,0,0,50,402.166572052894,0.1927724582333495,1.9933407703246848,0.0015450650626416258,12930.82,44.687285
2024,8,2,10,0,0,50,401.80880747616544,0.18728796314809704,1.9962494577276066,0.0011304065981237901,12928.794999999998,23.79694
2024,8,2,11,0,0,50,400.22745811155687,0.18311238506320507,1.997464729952086,0.0010166631339036782,12982.965,29.07491
2024,8,2,12,0,0,50,399.1761203462936,0.18186368495814415,2.0004043152048263,0.0006884038526627603,12987.77,28.211824999999997
2024,8,2,13,0,0,50,399.76075467733074,0.16879573288568947,2.003993983514124,0.0008792039486807191,13062.555,34.097285
2024,8,2,14,0,0,50,399.60295695607715,0.16936782274008216,2.0061550270584636,0.0008390686932771441,13297.08,31.60687
2024,8,2,15,0,0,50,400.7260792833023,0.16753775766800327,2.012155508019418,0.0009412870580593672,15579.095000000001,31.19346
2024,8,2,16,0,0,50,400.75018339387077,0.2395493839566984,2.0153740913946936,0.0008846312573982418,16046.84,24.988500000000002
2024,8,2,17,0,0,50,406.8575914488989,0.1595618494241859,2.019162315714137,0.0006794371899537927,15675.665,26.38131
2024,8,2,18,0,0,50,412.1384728080074,0.2073184916943419,2.023990565822827,0.0009805667676984937,15284.595000000001,38.439335
2024,8,2,19,0,0,50,418.7446454486003,0.2033581857279106,2.0201878582431156,0.0008199642653955927,15033.095000000001,28.387005
2024,8,2,20,0,0,50,424.2184255106492,0.15929951310765722,2.0217588183707407,0.0007290992553995223,14844.76,34.067685
2024,8,2,21,0,0,50,428.84256077066607,0.17295112041824273,2.022854878953476,0.0011396889544979917,14882.21,36.597155
2024,8,2,22,0,0,50,430.7843306564826,0.2210787019162901,2.024543916473381,0.0007848303446362462,14537.439999999999,29.329114999999998
2024,8,2,23,0,0,50,434.4928702797796,0.19521610985100152,2.0270268594128993,0.0009716707845584611,14264.380000000001,30.913
2024,8,3,0,0,0,50,438.37621947653616,0.1895099124512844,2.0238587582107637,0.000950263964414195,13935.869999999999,25.03397
2024,8,3,1,0,0,50,439.590023610006,0.1579127750583474,2.0166496714455153,0.0006588808424032608,13638.095000000001,23.199145
2024,8,3,2,0,0,50,442.25607633347136,0.13195809449795448,2.0152083567629795,0.0009425078524045428,13911.82,28.946485000000003
2024,8,3,3,0,0,50,439.9988195404852,0.1972984150809713,2.013388155553867,0.0009465056036524478,14098.25,26.174015
2024,8,3,4,0,0,50,432.449192942388,0.1666403592584329,2.0091888145632404,0.0011277809205770028,14438.98,31.296165
2024,8,3,5,0,0,50,425.8556714619235,0.20650664588874418,2.008485306601639,0.000890229655028539,14800.810000000001,30.256504999999997
2024,8,3,6,0,0,50,416.75150055117854,0.17239472944502482,2.005134851110115,0.0011420117108481942,14665.4,40.337305
2024,8,3,7,0,0,50,410.3920001681515,0.14303710198791036,2.002850677622162,0.0008171434843273566,14372.98,28.181255
2024,8,3,8,0,0,50,406.97912165818104,0.1419167997430989,1.9989192137690242,0.000929215022565599,13713.369999999999,29.78351
2024,8,3,9,0,0,50,404.8423930548715,0.20545139370744422,1.9982499168857313,0.0009854436170516692,13327.725,37.121179999999995
2024,8,3,10,0,0,50,403.9557738065173,0.1801797597595241,1.9975418805087997,0.0009370205142450976,13599.055,27.262355
2024,8,3,11,0,0,50,404.30199339049733,0.17516800208632832,1.9998975729703303,0.0009365479604518366,13339.439999999999,29.41746
2024,8,3,12,0,0,50,403.3463842666752,0.17709595290036345,2.0045297935720408,0.0007976327167613969,13578.779999999999,26.054575
2024,8,3,13,0,0,50,402.69717291068207,0.21019467863974015,2.021225560611425,0.0007790584549937405,13563.369999999999,28.538085000000002
2024,8,3,14,0,0,50,401.36224861793744,0.14481340722278097,2.019171091600313,0.0007073917967700486,14100.595,28.238495
2024,8,3,15,0,0,50,401.0301796134068,0.23226436208179946,2.0179292092781194,0.0012315227072074685,14045.315,30.174495
2024,8,3,16,0,0,50,401.4050952807694,0.21336080113839706,2.022138625038052,0.0008122697199990032,14064.805,27.6556
2024,8,3,17,0,0,50,402.6254325999531,0.2089399072166339,2.02280930812318,0.0010426420157944457,14390.09,32.05545
2024,8,3,18,0,0,50,407.64172485500484,0.17928226215041576,2.0238091274679046,0.0009259464962436162,14526.415,36.23795
2024,8,3,19,0,0,50,419.41160229154207,0.20963904773226377,2.0277465506329464,0.0009461788134346087,14450.494999999999,31.75498
2024,8,3,20,0,0,50,421.2191601499157,0.16551695277875222,2.03023378030492,0.0009810864909720173,14488.28,31.88194
2024,8,3,21,0,0,50,426.8355477820643,0.19910843668138953,2.0342750932611056,0.0013231687229501477,14368.005000000001,26.615434999999998
2024,8,3,22,0,0,50,433.06119118004426,0.2009894472532705,2.0356482945401666,0.0009154357545077935,14088.735,33.501215
2024,8,3,23,0,0,50,441.08904180860685,0.1969561736565441,2.037776441478605,0.0008486260284408328,14042.11,28.607419999999998
2024,8,4,0,0,0,50,446.4335001047284,0.17005481685088264,2.037288781937281,0.0013388054752390306,13793.619999999999,39.103745
2024,8,4,1,0,0,50,446.58771330291097,0.20145501332898708,2.0371058533259356,0.0013209507286407226,13869.02,28.7202
2024,8,4,2,0,0,50,450.1078109579204,0.14707395723866418,2.0400587645388333,0.0008618368403222425,14012.44,28.238
2024,8,4,3,0,0,50,456.11796559865854,0.23778564060876278,2.041428512009074,0.0009287130181663535,14290.035,31.588459999999998
2024,8,4,4,0,0,50,454.9784601557965,0.1912547518880253,2.0453082608381905,0.0009456651760471382,14813.385,32.598085
2024,8,4,5,0,0,50,432.97631224265,0.20893182133757887,2.045380185441067,0.0016920172447453061,15343.400000000001,36.4551
2024,8,4,6,0,0,50,417.60763817289,0.1441937259035121,2.03567700245076,0.0008225090743089406,14604.82,28.283085
2024,8,4,7,0,0,50,411.8350973638951,0.16902160440389727,2.0363998594615613,0.0007231724729756469,14355.02,26.881895
2024,8,4,8,0,0,50,408.7882516273548,0.1564403254860978,2.034148022920953,0.0007335727292426888,14130.56,27.806665000000002
2024,8,4,9,0,0,50,405.0867346619555,0.18947109180870517,2.0307740765157485,0.0008524758961996926,13982.655,31.71353
2024,8,4,10,0,0,50,404.5675876831049,0.18667366486371645,2.0285135257241773,0.0014178348151862982,13954.92,34.70461
2024,8,4,11,0,0,50,403.07355125624474,0.14787832540485724,2.027994195182674,0.0009461655227329681,13799.244999999999,35.578315
2024,8,4,12,0,0,50,402.3096109554454,0.16168411543450562,2.0324668041506784,0.0008496909705130392,14049.244999999999,26.974015
2024,8,4,13,0,0,50,402.5768161539336,0.1791066166644632,2.0317687366848505,0.0014612189242849106,14909.73,30.291785
2024,8,4,14,0,0,50,401.29839682094223,0.18249450506755305,2.0351809610187437,0.0008570921390446678,15803.945,28.874775
2024,8,4,15,0,0,50,403.0652030858288,0.18852023589947875,2.0395979074976687,0.0012616069781911463,14971.44,30.393
2024,8,4,16,0,0,50,401.39607149187395,0.1968018850691456,2.043340751376877,0.001386641052270894,15837.595,40.684610000000006
2024,8,4,17,0,0,50,404.76779214424755,0.19093056106491624,2.041584295652787,0.0013548976403680438,15216.099999999999,33.30046
2024,8,4,18,0,0,50,406.7485293244707,0.19678678049577059,2.043792048488071,0.0011201427908051702,15397.905,31.93421
2024,8,4,19,0,0,50,419.25093884019634,0.2247849145013788,2.0507889610089904,0.0010468438402028665,15520.09,33.456805
2024,8,4,20,0,0,50,423.4121893863841,0.18034653282152813,2.052619155150613,0.001280222411872195,15182.625,36.913624999999996
2024,8,4,21,0,0,50,436.48664743708684,0.22366919141830588,2.0583685432604755,0.0010802374605983975,14903.76,28.98966
2024,8,4,22,0,0,50,445.5117899564457,0.18995299348132072,2.067538664089904,0.0009650889427008575,14685.835,32.32338
2024,8,4,23,0,0,50,451.6455313514807,0.18926474508485602,2.077150379838494,0.001369160822983229,14493.395,37.74262
2024,8,5,0,0,0,50,457.48544018416754,0.1792353087477358,2.078686205189812,0.001055776845637585,14347.720000000001,35.51858
2024,8,5,1,0,0,50,468.265896409549,0.19712347316356515,2.081124268400622,0.0008071443856749787,14348.175,26.80577
2024,8,5,2,0,0,50,469.92819245487067,0.1911198809230233,2.080344403805789,0.0013597253652946118,14551.92,35.387730000000005
2024,8,5,3,0,0,50,468.29799410231357,0.19962803668211138,2.081910800154012,0.001066720613963608,14864.029999999999,32.737175
2024,8,5,4,0,0,50,460.5093118680934,0.1908182245649651,2.0862259952371853,0.001235598556976547,15110.255000000001,28.701115
2024,8,5,5,0,0,50,448.68900260491193,0.1966356508785832,2.079716847412697,0.0010527587920417818,15375.375,32.95839
2024,8,5,6,0,0,50,443.61484693330436,0.18342671052353443,2.0806020324465986,0.0007327354193497637,15574.15,33.495175
2024,8,5,7,0,0,50,437.0270066221086,0.19582525901404332,2.07889003098124,0.001457138541799713,15879.595000000001,33.772285
2024,8,5,8,0,0,50,426.8594894846947,0.19167788994010782,2.073468195632553,0.0009514906183941366,16426.095,37.394565
2024,8,5,9,0,0,50,412.8492099913398,0.2103144623034981,2.0572690821977817,0.001218308240368898,15252.925,30.422905
2024,8,5,10,0,0,50,412.1594838674637,0.2073435405482534,2.0592810752328012,0.0016026740148384483,15452.795,47.765875
2024,8,5,11,0,0,50,406.0984205636274,0.19400354869889064,2.0586536193200775,0.0012502933981824301,16172.065,35.117245
2024,8,5,12,0,0,50,403.4000163416887,0.22483767348907435,2.0617501438541748,0.0017833591270274894,15966.185,39.12157
2024,8,5,13,0,0,50,401.92699031063864,0.12721704604038594,2.0611792825814885,0.0015457199960440767,15981.39,38.038355
2024,8,5,14,0,0,50,404.85256490780966,0.20671964378951285,2.0469397107314276,0.0018198821567307253,14719.425,53.452165
2024,8,5,15,0,0,50,405.8796552724019,0.22156024322823709,2.0470152780724806,0.0007138037562211646,15439.55,35.165040000000005
2024,8,5,16,0,0,50,407.96525476132945,0.1636531402486505,2.081042177781205,0.00185567314306154,16046.49,39.8988
2024,8,5,17,0,0,50,410.38265526237734,0.2097925587850631,2.0976545274776504,0.001356939421076639,16163.744999999999,35.849804999999996
2024,8,5,18,0,0,50,412.76100386397957,0.14013910511209893,2.089475805738756,0.0008257335876338366,15844.62,30.48489
2024,8,5,19,0,0,50,422.8811761210918,0.25879954260822613,2.1680733089330353,0.0017577233655038747,16004.470000000001,36.050985
2024,8,5,20,0,0,50,425.0473055901348,0.2656350723527425,2.212719372586449,0.0012905868412420938,15530.66,24.84383
2024,8,5,21,0,0,50,429.7089102573576,0.31350033356816165,2.1702980008239914,0.0020547465720902893,14806.314999999999,39.940200000000004
2024,8,5,22,0,0,50,446.4042548218265,0.25023587629016,2.270679870142434,0.0016997231798864827,15071.279999999999,47.359805
2024,8,5,23,0,0,50,459.90959259496185,0.29661822096991686,2.236031468437518,0.0013647637435764259,15077.765,34.48023
2024,8,6,0,0,0,50,457.0554963436231,0.23192334397743924,2.2082509447168173,0.000963976258477906,15022.365,38.84332
2024,8,6,1,0,0,50,448.6180327105893,0.1928460877145156,2.1350863964727136,0.0013299946010008395,14541.835,34.34937
2024,8,6,2,0,0,50,450.43100243168385,0.2417641429088111,2.126484075513979,0.0015270822055413105,14259.55,38.55846
2024,8,6,3,0,0,50,445.4356459777506,0.21539225721248573,2.107569344353836,0.0014530613896943023,14531.6,39.644055
2024,8,6,4,0,0,50,444.8551710500967,0.1615756387360046,2.118099808431946,0.0013100538878145535,15245.565,50.588854999999995
2024,8,6,5,0,0,50,433.5730010402808,0.1435442514841908,2.134748753630488,0.0013806085676758236,15944.87,29.620535
2024,8,6,6,0,0,50,415.7734064102849,0.1369732746182111,2.090529745215349,0.0009009396777594711,15346.630000000001,34.19
2024,8,6,7,0,0,50,404.89074594162713,0.19964284996513598,2.067819955638458,0.0018537261763280463,14978.880000000001,40.932845
2024,8,6,8,0,0,50,401.1685695269456,0.1999674674693568,2.0677533013452805,0.0007677746246714245,14938.965,27.29345
2024,8,6,9,0,0,50,404.8292370479978,0.2631080493476924,2.0645792543450776,0.0014035244332969124,14956.095000000001,41.935905
2024,8,6,10,0,0,50,403.12736881246997,0.22546538695005375,2.0495557797546278,0.0018066090154639268,14363.96,45.06449
2024,8,6,11,0,0,50,399.72729478707464,0.1827465798976332,2.0510342663445194,0.0015359694773478102,14252.13,36.939705000000004
2024,8,6,12,0,0,50,398.70707450252326,0.22029856363923822,2.062889506706882,0.0013745648832551914,14552.43,43.075995
2024,8,6,13,0,0,50,397.78353357516,0.1909939848490972,2.0635063883785127,0.0012988672142819832,14548.165,42.180045
2024,8,6,14,0,0,50,395.2826355879374,0.1778887970852672,2.0478412238267483,0.0011463950979593576,14250.6,35.541215
2024,8,6,15,0,0,50,394.6611438195573,0.22669813219033924,2.0433348537919676,0.0015841397943713287,14031.95,39.346360000000004
2024,8,6,16,0,0,50,395.3177437223977,0.17767946900939077,2.040789955755084,0.0012143388782134361,14073.9,30.91612
2024,8,6,17,0,0,50,397.89740165453804,0.16911669367560447,2.041624551233066,0.0010004574337847266,14093.66,25.603195
2024,8,6,18,0,0,50,404.1900774786928,0.2172601285170549,2.057039044721539,0.001595890970451888,14114.404999999999,51.40804
2024,8,6,19,0,0,50,409.1298222928159,0.22181882619087492,2.073215777733677,0.0013665191917765999,14281.62,33.245774999999995
2024,8,6,20,0,0,50,414.5617694190066,0.23107960702591013,2.067886219153547,0.0012006165778928402,14316.465,36.625045
2024,8,6,21,0,0,50,421.6733148707709,0.21399854193549195,2.0635745824186995,0.0018961872975348298,14063.02,49.088390000000004
2024,8,6,22,0,0,50,428.01967184662635,0.23671406992285407,2.0674683608590954,0.0016739150718645852,14171.055,39.074215
2024,8,6,23,0,0,50,430.8458090417204,0.22205278433863684,2.0769795586320887,0.001353355791949488,14436.965,40.846945000000005
2024,8,7,0,0,0,50,433.52241157513004,0.25779986408044414,2.0867895669924614,0.0013002848045722314,14362.93,31.494619999999998
2024,8,7,1,0,0,50,444.982504830556,0.2540242877508534,2.0895176817436294,0.0015212127063083064,13971.220000000001,39.8986
2024,8,7,2,0,0,50,443.2638190381464,0.21392559778581283,2.0874838565580123,0.0022015207170316725,13779.165,38.99694
2024,8,7,3,0,0,50,440.39045149980154,0.18204115379517483,2.090634188563543,0.001101344670569159,13785.285,26.057949999999998
2024,8,7,4,0,0,50,438.13079344033105,0.26310516710952625,2.0872688506225128,0.0015752302449241612,14035.465,44.138755
2024,8,7,5,0,0,50,438.3212687561628,0.187120133165756,2.0878872925523133,0.0009533837423003963,14351.795,33.906885
2024,8,7,6,0,0,50,423.5289149678973,0.16553543080736322,2.0581360548031395,0.0012344946744480873,14103.075,42.384249999999994
2024,8,7,7,0,0,50,412.90817441433285,0.215907634672637,2.0398638875105304,0.0013946683882310753,13250.295,38.80305
2024,8,7,8,0,0,50,406.5525257347672,0.21568284759751424,2.0303218258161193,0.001407760908667871,12948.73,39.138059999999996
2024,8,7,9,0,0,50,405.4787851630646,0.23868634006733444,2.0269812556936264,0.001387511332111833,13227.185000000001,35.930745
2024,8,7,10,0,0,50,402.64057655805976,0.16187174467467486,2.0232583256681202,0.0012055445853886597,14047.08,37.544435
2024,8,7,11,0,0,50,403.12874187418436,0.15316934909939076,2.022417110576775,0.0010763477622480729,12828.24,28.67426
2024,8,7,12,0,0,50,402.45531307524357,0.21850703371483052,2.0214645649195995,0.001274887803402484,12104.605,42.346270000000004
2024,8,7,13,0,0,50,401.76949311196927,0.2043831977735712,2.0214534276782805,0.0012012972838740955,11882.384999999998,34.714185
2024,8,7,14,0,0,50,400.9190460019233,0.1666922804054195,2.032567653248466,0.0015374525170495173,12384.224999999999,35.787755000000004
2024,8,7,15,0,0,50,400.4379270526174,0.1847454223138748,2.0304107091914894,0.001570946802447223,12973.085,34.244275
2024,8,7,16,0,0,50,398.3411610892443,0.15438433683734043,2.0410261368505838,0.0015010657573378138,13883.315,49.94136
2024,8,7,17,0,0,50,397.96980942480684,0.1710450910671179,2.052889348688918,0.0021003351084658995,13922.,42.418549999999996
2024,8,7,18,0,0,50,402.3181799177896,0.164196790815475,2.0626464843344476,0.0013389500075705171,14263.035,36.331175
2024,8,7,19,0,0,50,408.10043719841786,0.21011914010860558,2.0693847296878607,0.0010203999776782875,13994.59,37.87935
2024,8,7,20,0,0,50,412.2258212324899,0.2684468047268102,2.0866134736127098,0.000911024564138804,14320.685,33.934455
2024,8,7,21,0,0,50,417.37644369174257,0.27732673401763164,2.094519510602807,0.0010573035056288698,14098.134999999998,32.877905
2024,8,7,22,0,0,50,435.32090482676193,0.24047248812797684,2.1103701243408794,0.0009049526835186284,14040.880000000001,33.05235999999999
2024,8,7,23,0,0,50,438.8849076643567,0.30743240169928165,2.134023579064488,0.0015973724569386147,14478.825,39.644435
2024,8,8,0,0,0,50,444.24201151204215,0.2885784876040649,2.1661554837856483,0.0016860313781041504,14363.880000000001,39.679935
2024,8,8,1,0,0,50,444.2297503268042,0.35784470569269555,2.1667231896709476,0.0013121386476720271,14236.035,39.05538
2024,8,8,2,0,0,50,442.7484184692456,0.5620298166045941,2.1550787652364054,0.0016798394628825093,14357.994999999999,47.556375
2024,8,8,3,0,0,50,441.8700612092608,0.5272361178668252,2.159167890227033,0.0018544291156527364,14353.345000000001,40.008795000000006
2024,8,8,4,0,0,50,449.87845251073514,0.7932641404734357,2.1431893542946865,0.001312431988573396,14644.595000000001,40.306065000000004
2024,8,8,5,0,0,50,446.03403314725745,0.26006042426766685,2.1429831470795087,0.0013240777104875515,15284.055,42.732
2024,8,8,6,0,0,50,434.13803897473963,0.20717044456071665,2.1390899351922625,0.0010587458278563846,15047.875,34.63373
2024,8,8,7,0,0,50,412.59222806791917,0.1749841411860324,2.076833385568152,0.0014059267333651707,13895.315,34.959745
2024,8,8,8,0,0,50,406.6101196377092,0.2249830414037242,2.0726144679260736,0.0015982677182922473,14000.705,48.115359999999995
2024,8,8,9,0,0,50,404.5279187976297,0.18907617215861636,2.0684312335833885,0.0009645166689245006,13641.654999999999,31.117415
2024,8,8,10,0,0,50,403.9600601616213,0.1640472711329996,2.06624814105746,0.0014732108660129948,13388.705,32.33628
2024,8,8,11,0,0,50,403.24780243435856,0.1728675441883596,2.064367045890271,0.001499625746423127,13324.99,43.1036
2024,8,8,12,0,0,50,400.2557911890728,0.20532538635199277,2.0590918722289615,0.0015653860842573483,13598.595000000001,31.925655
2024,8,8,13,0,0,50,398.63420111285785,0.21951672545795772,2.0658542012434085,0.0019543073558763707,14520.465,38.782385000000005
2024,8,8,14,0,0,50,398.6105226534638,0.20102586866623762,2.0640572624866205,0.0018894194641062266,14406.99,45.5399
2024,8,8,15,0,0,50,399.576841379097,0.19945446536456796,2.0596391463579717,0.0017374854107380156,14130.015,53.03758
2024,8,8,16,0,0,50,400.02390958720446,0.1841921506042833,2.063199166178488,0.0015416584710731727,14081.56,53.788365
2024,8,8,17,0,0,50,402.349341551099,0.20039637300649593,2.067238508178372,0.0015376005435316933,14666.115000000002,47.583664999999996
2024,8,8,18,0,0,50,402.8014215311345,0.22455680265173625,2.0631312205372874,0.001440958309161134,14414.205,48.573505
2024,8,8,19,0,0,50,404.74952728943515,0.17895600552256427,2.0694690780827045,0.0011224760553396227,14839.605,42.605445
2024,8,8,20,0,0,50,408.95652040890013,0.24264762523838346,2.0930139699267585,0.0010654751956928215,14839.154999999999,36.662605
2024,8,8,21,0,0,50,412.9131909007966,0.24579877911475018,2.098618146074105,0.0018628065079885625,14743.655,36.378575
2024,8,8,22,0,0,50,419.6852291465858,0.2140536265097805,2.101152163391325,0.001056443176115454,14466.83,28.848435000000002
2024,8,8,23,0,0,50,422.74519861007616,0.2958698180313677,2.091218410662694,0.0015964855341320436,14125.085,49.654635
2024,8,9,0,0,0,50,425.28338109795834,0.2352268464107291,2.0911584465527575,0.0011821174909982552,13899.055,22.949665
2024,8,9,1,0,0,50,431.02572136971537,0.2491075114266744,2.095277617035513,0.0010442183384906849,13641.77,33.223495
2024,8,9,2,0,0,50,435.32601660147714,0.21647096221337278,2.0771954563918786,0.001424660170172979,13260.925,38.794985
2024,8,9,3,0,0,50,443.1179021368115,0.18247122252858472,2.0781432897553485,0.0007872555613838203,13310.455,29.462065
2024,8,9,4,0,0,50,452.38459666568804,0.3016298638721657,2.0914449603726224,0.0012802619829661672,13589.645,36.115055
2024,8,9,5,0,0,50,458.9538013572958,0.25183773159711687,2.1099555911566856,0.001539954069710625,14187.75,47.35921999999999
2024,8,9,6,0,0,50,437.8089941130231,0.19192612178721508,2.073929569152454,0.0017943776909981812,14270.83,48.161694999999995
2024,8,9,7,0,0,50,423.0076870352719,0.21198665758540253,2.0819747316463264,0.0011209126766763547,14498.715,31.43337
2024,8,9,8,0,0,50,418.5091995678623,0.2742665452300658,2.117813212460068,0.002048036048998908,14997.384999999998,49.5564
2024,8,9,9,0,0,50,410.63653421681715,0.1773393008010673,2.081721071219431,0.001029782708450068,14473.14,34.633134999999996
2024,8,9,10,0,0,50,405.7905165182689,0.19112561972111924,2.073668280037098,0.0013299771602828278,14066.720000000001,49.48305
2024,8,9,11,0,0,50,404.1452753526901,0.17618422320776794,2.0676855365221827,0.0011069933128612067,13835.005000000001,28.772865000000003
2024,8,9,12,0,0,50,403.97114702358226,0.2200572914774278,2.0612933403527736,0.0014384168741576142,13643.865,25.706964999999997
2024,8,9,13,0,0,50,402.3703139528286,0.1819218229351131,2.067256326081065,0.0017814799681655465,14365.75,47.52943
2024,8,9,14,0,0,50,401.52272451316253,0.16467071193315258,2.0686906244593386,0.0009337146375884645,14865.055,30.070315
2024,8,9,15,0,0,50,400.63560910005674,0.15700288185128233,2.104038370732362,0.0007265114088089045,15487.3,23.50142
2024,8,9,16,0,0,50,401.4848087051803,0.20415951408856875,2.09005406169653,0.0013635300875334962,15763.21,33.362545
2024,8,9,17,0,0,50,408.5847125767348,0.22146378068788924,2.053798140416344,0.001958449869686814,14925.1,34.508635
2024,8,9,18,0,0,50,417.9526784502833,0.15925221760509,2.0552275128597333,0.0014636372653918984,15049.33,44.68509
2024,8,9,19,0,0,50,426.03644742748276,0.14827085094230547,2.058663931972673,0.001648397227694567,14612.125,38.127095
2024,8,9,20,0,0,50,433.6029136520452,0.1797487042862394,2.0593171194039983,0.001718206081111826,14166.055,44.480270000000004
2024,8,9,21,0,0,50,438.7493403041093,0.23087566688531788,2.06782952088928,0.001425733812357585,14194.075,38.059805
2024,8,9,22,0,0,50,442.73642450069593,0.18117730971522347,2.072182110067269,0.001389272719476409,14109.74,32.713300000000004
2024,8,9,23,0,0,50,446.7488412490907,0.1792132544325955,2.0756058028721096,0.001376128125108773,14152.58,36.318285
2024,8,10,0,0,0,50,449.9847070042107,0.2368601319819452,2.0788696159876316,0.0014628872570027623,14224.15,37.718225
2024,8,10,1,0,0,50,452.92554009328325,0.2591060128787124,2.0827330635999033,0.0012280726004645498,14591.51,35.729434999999995
2024,8,10,2,0,0,50,457.806001044876,0.17374379718986832,2.0854914200755594,0.0009718968895583068,14930.279999999999,31.90257
2024,8,10,3,0,0,50,459.7923015776306,0.13729826413719254,2.0808378234931273,0.0006337214928622423,15422.490000000002,25.87621
2024,8,10,4,0,0,50,451.27088934078625,0.20894675681177782,2.063437234189466,0.0007883108615479744,15588.875,24.26131
2024,8,10,5,0,0,50,440.8224609989254,0.19945648272078564,2.045704747819079,0.0009766381624361472,15303.82,29.01847
2024,8,10,6,0,0,50,437.22799134995563,0.18483949198161845,2.0416750421590866,0.001001620597147482,14973.645,26.26511
2024,8,10,7,0,0,50,434.1148561330055,0.1845719696775639,2.038607916105501,0.0007337647342408906,15555.235,26.49369
2024,8,10,8,0,0,50,429.1274421309581,0.15452847490400617,2.0256962146242987,0.000596553036089513,15471.91,23.313805000000002
2024,8,10,9,0,0,50,419.8032184389372,0.17493141838569853,2.0029995861855925,0.0009123309159722152,14882.3,28.67662
2024,8,10,10,0,0,50,415.51291129376784,0.17868110916235697,1.983767592088946,0.0008600560188953305,13205.355,35.110235
2024,8,10,11,0,0,50,410.7427544876298,0.18661993963398804,1.979669322346187,0.0010451078481030257,13320.205,26.06015
2024,8,10,12,0,0,50,409.1616036154727,0.1639916196259972,1.9739068165378986,0.0008127095377954486,12087.685000000001,22.22441
2024,8,10,13,0,0,50,408.2255674406399,0.22427434446204286,1.9710881076903832,0.001053980207544805,10998.295,22.20522
2024,8,10,14,0,0,50,407.45163277100033,0.20577857281526846,1.9698316299653786,0.0008947114472950398,10923.28,27.67173
2024,8,10,15,0,0,50,407.3368939986018,0.16288780202937997,1.9701913611729902,0.0008153573826187839,10868.865000000002,25.869284999999998
2024,8,10,16,0,0,50,408.1511201892039,0.13375998362402322,1.9716422950637955,0.0010729113297188834,11108.404999999999,29.514915000000002
2024,8,10,17,0,0,50,409.3240499890517,0.17516181111202273,1.9733396310012825,0.0012720757071842145,11852.99,32.912765
2024,8,10,18,0,0,50,412.940339329076,0.16409849028855428,1.9765096091388097,0.0009893586024637422,11949.,29.120635
2024,8,10,19,0,0,50,416.8396315706441,0.18223549107883957,1.9774561779681468,0.001140415645703845,11890.295,30.813155
2024,8,10,20,0,0,50,419.6779056848569,0.1372901592803497,1.9809291603456887,0.0010932361327577191,11850.185,32.23317
2024,8,10,21,0,0,50,418.9850961816594,0.19778309576746114,1.9799489103742876,0.000847671793826632,11874.154999999999,26.04846
2024,8,10,22,0,0,50,416.9072599588884,0.15306532139370538,1.976648535895325,0.0009403417386755794,12094.46,26.856270000000002
2024,8,10,23,0,0,50,415.56315702507214,0.19540645312588992,1.9731846239873974,0.0008794178637806082,11922.279999999999,35.9342
2024,8,11,0,0,0,50,415.8076787184388,0.18013735559994426,1.9721988646123718,0.0007554504663834606,11509.205,24.521639999999998
2024,8,11,1,0,0,50,416.24653609267045,0.17865236412174484,1.9712666121016045,0.0008322276445832566,11388.475,28.59153
2024,8,11,2,0,0,50,419.0300294247544,0.20525981428216528,1.976152193025285,0.0009428738764178035,11228.545,30.78709
2024,8,11,3,0,0,50,420.1544899050637,0.21705847288199026,1.9784849328023246,0.001010396927572534,11757.105,32.40855
2024,8,11,4,0,0,50,420.67920381064243,0.185183982456187,1.9887083998271726,0.0008155182712314042,12572.705,28.94015
2024,8,11,5,0,0,50,418.76630430071737,0.16115949819807268,1.988046169117222,0.0007196921859011071,12996.725,23.245735
2024,8,11,6,0,0,50,412.13614608595753,0.18317921117300645,1.9808134179331236,0.0010022495990148548,13183.335,28.01021
2024,8,11,7,0,0,50,411.4807742971781,0.21324520714152378,1.9768552666324455,0.0017552185529949842,12126.82,42.11589
2024,8,11,8,0,0,50,407.10992337052903,0.15078407383143994,1.971744715726026,0.000823741761475411,12895.55,26.24193
2024,8,11,9,0,0,50,404.32687552136184,0.13944166158017338,1.9718783184402027,0.0007265614879364028,13538.695,28.16487
2024,8,11,10,0,0,50,406.79365229669895,0.160297751504284,1.9704879253266312,0.0009862330982592254,13232.08,27.240814999999998
2024,8,11,11,0,0,50,405.87703172597554,0.15905691363426477,1.970251685504563,0.0007779576814810259,12972.845000000001,20.704124999999998
2024,8,11,12,0,0,50,404.8941510875193,0.21292007223424256,1.9702443283070294,0.0007926265742513347,12794.265,25.016064999999998
2024,8,11,13,0,0,50,402.7270848768434,0.203630502261833,1.9726710759741257,0.0011708632315406498,12861.73,34.60442
2024,8,11,14,0,0,50,402.1821967943214,0.1752962188896112,1.9718989093829349,0.0008933386936239855,12540.795,28.61643
2024,8,11,15,0,0,50,402.7493133002848,0.16307645387142705,1.973804590084292,0.0009015847983876247,12639.029999999999,28.81963
2024,8,11,16,0,0,50,403.121938091738,0.14663863051091605,1.975269467698776,0.0008074994615927375,13797.875,24.328855
2024,8,11,17,0,0,50,406.67686453966587,0.17506818670991253,1.975684906422938,0.0006985106846734107,13541.54,24.32161
2024,8,11,18,0,0,50,414.5041942020049,0.18461398116355834,1.978855771725346,0.0010273349161106268,13110.970000000001,31.65432
2024,8,11,19,0,0,50,421.79917862470325,0.20036003762716365,1.9816039377971726,0.0010654505588400271,12645.43,32.701385
2024,8,11,20,0,0,50,427.0323546642499,0.18907447092760404,1.9824787476525585,0.000908995060834977,12373.09,28.367350000000002
2024,8,11,21,0,0,50,431.69667068963884,0.1724478862504123,1.9867012430737625,0.001073110105668369,12230.060000000001,23.847345
2024,8,11,22,0,0,50,435.3026671092995,0.1468151747556981,1.9915860824327771,0.0009866943229939265,12078.64,28.76546
2024,8,11,23,0,0,50,435.79478934919473,0.16621366593599363,1.9927592117350934,0.0009748854154999193,11968.135,27.77112
2024,8,12,0,0,0,50,432.7650356004908,0.18224490544426153,1.9895112119294507,0.0008065554140730979,11752.865,27.488129999999998
2024,8,12,1,0,0,50,429.29692017794787,0.16610468009153992,1.9872288156667153,0.0008961602512316352,11357.009999999998,26.707605
2024,8,12,2,0,0,50,431.62637013460443,0.19220717633854167,1.9874658087802763,0.0008898048803018168,11431.349999999999,35.71308
2024,8,12,3,0,0,50,432.62240209296317,0.15636983956528389,1.989966092102508,0.0008522804031648217,11538.945,33.589974999999995
2024,8,12,4,0,0,50,429.1472933034766,0.17813236018395656,1.9817675648186288,0.00153208297386058,11692.08,37.52587
2024,8,12,5,0,0,50,422.74205995776515,0.1550038731005721,1.9823028604753432,0.0011146522943323595,11870.27,31.221244999999996
2024,8,12,6,0,0,50,419.55612321355363,0.17083092291318192,1.9827280552263868,0.0009490413599016512,12039.205,23.809485000000002
2024,8,12,7,0,0,50,412.6017042838265,0.19526012571124796,1.9752159449580828,0.0008071195731540739,12209.279999999999,27.90014
2024,8,12,8,0,0,50,407.71971797275137,0.18782889502116112,1.970474851294452,0.001238133823621525,11842.325,34.529275
2024,8,12,9,0,0,50,405.2695743095672,0.1822881665568517,1.9680079294297972,0.0009483574169583825,12270.59,22.855629999999998
2024,8,12,10,0,0,50,402.98925666551554,0.17167448740331492,1.9652179846856335,0.0009163756973883669,12326.675,28.72169
2024,8,12,11,0,0,50,401.7896240387937,0.2544196703134841,1.9634184309514775,0.0010424869022355187,12014.545,28.72265
2024,8,12,12,0,0,50,402.47300657404884,0.15588210652706053,1.9616672239358506,0.000973651803880129,10591.380000000001,33.61199
2024,8,12,13,0,0,50,403.1396841927265,0.1815799471518756,1.9619437656139886,0.0009235139627239643,10354.845000000001,34.237715
2024,8,12,14,0,0,50,404.2662132232964,0.1867147436290185,1.965155371776203,0.0010645326751647613,10765.235,30.874195
2024,8,12,15,0,0,50,404.3624559431611,0.17833410708928682,1.9623437570731714,0.0009423817406389746,11143.005000000001,35.183859999999996
2024,8,12,16,0,0,50,404.40087706117265,0.22794503840054833,1.9671799957866765,0.0012456792971094477,12070.99,28.59781
2024,8,12,17,0,0,50,409.1863896200721,0.15182947502091493,1.96747993227131,0.0007940776903130745,12136.91,24.737215
2024,8,12,18,0,0,50,414.66499555515924,0.20426266949081145,1.971385635550921,0.0011003672018726862,12465.6,32.298249999999996
2024,8,12,19,0,0,50,422.31429398341254,0.18608641563895936,1.9737741266600453,0.0009479560528950559,12625.37,28.941405
2024,8,12,20,0,0,50,426.58584214856916,0.22941087139041616,1.9779325107010313,0.0022330865141379002,12682.365,53.189205
2024,8,12,21,0,0,50,429.5407346864309,0.18855444810572783,1.9795222208215346,0.000999805268833273,12653.885,32.309415
2024,8,12,22,0,0,50,432.311008113727,0.18462541523863196,1.978805316971901,0.0006850852010891746,12713.19,24.58425
2024,8,12,23,0,0,50,440.3380754794505,0.2094153195082952,1.9839346046089241,0.0009174445368255768,12858.77,26.86314
2024,8,13,0,0,0,50,442.0379139984037,0.23144216853323055,1.98733721630164,0.0008080260209374741,12740.09,24.359544999999997
2024,8,13,1,0,0,50,444.3446094828917,0.2012097899763834,2.0089296331441977,0.0009984228111210693,12553.795,34.233455
2024,8,13,2,0,0,50,451.1038542084714,0.20980974402538552,2.0316066506471335,0.0009431422402461637,12264.990000000002,28.250575
2024,8,13,3,0,0,50,453.54173659110563,0.20139871303521156,2.0644473372406065,0.0008260535142810181,12133.869999999999,27.087805
2024,8,13,4,0,0,50,447.24873139694876,0.20919381514341587,2.0508073346440527,0.0015036619005439292,12226.165,35.628295
2024,8,13,5,0,0,50,433.7720556105736,0.19594691552605983,2.0222211720649295,0.0012186868230300303,12703.560000000001,29.382275
2024,8,13,6,0,0,50,420.6986316916125,0.15493919419825972,1.9938656017169019,0.0009893285779391792,13883.85,30.17736
2024,8,13,7,0,0,50,417.4943965524721,0.23594881777195986,1.989512746029034,0.0022470151350428872,13923.775,44.280685000000005
2024,8,13,8,0,0,50,426.52341854618237,0.1541111409422809,1.9877110600927361,0.0015495894774023974,13208.345,45.757645
2024,8,13,9,0,0,50,425.42401373216495,0.20998651455355793,1.980681019053888,0.001750537067350608,12529.89,41.77595
2024,8,13,10,0,0,50,419.79460528450454,0.18843790517453762,1.9755528722014188,0.0010802771870688423,12311.395,37.111914999999996
2024,8,13,11,0,0,50,416.8618850831099,0.21317687017145337,1.9765255116762046,0.0016496130954622636,12068.685000000001,36.71345
2024,8,13,12,0,0,50,413.78261012459757,0.18194891313596487,1.9720255540086988,0.0009642989992409997,11505.145,28.27744
2024,8,13,13,0,0,50,411.49597650995156,0.179317279495541,1.9705964340458377,0.0014413282963161678,10977.869999999999,38.11
2024,8,13,14,0,0,50,410.87189793672553,0.16447972616104692,1.972511814588771,0.0011464666233958834,12092.619999999999,37.464884999999995
2024,8,13,15,0,0,50,410.59197292879867,0.190243697268123,1.9735375107357962,0.0011538334230553151,12398.81,34.553365
2024,8,13,16,0,0,50,410.5970410914375,0.18167234220554407,1.9758988892043607,0.001439999700151795,12586.060000000001,34.29828
2024,8,13,17,0,0,50,411.8342292843246,0.18037452945898347,1.983470185696437,0.0012022796156165945,13092.845,34.989645
2024,8,13,18,0,0,50,414.99437453535415,0.20664452956021678,1.9955327755001837,0.001806196417920066,13450.48,40.781205
2024,8,13,19,0,0,50,419.69465350789073,0.2659726540579942,1.9952582264366456,0.0019930978922819862,12996.235,39.63304
2024,8,13,20,0,0,50,433.2106485734861,0.21320300149357319,1.9956449677812986,0.0015544606941699773,12725.175,40.582634999999996
2024,8,13,21,0,0,50,440.26324957523065,0.22527936014333108,1.9947682427051223,0.0012448341979645376,12413.03,27.591385000000002
2024,8,13,22,0,0,50,450.94911743995846,0.1886757299747161,1.9993809753854292,0.0015076771025555082,12104.314999999999,40.718375
2024,8,13,23,0,0,50,472.5665784895608,0.1660210395673571,2.02009006096477,0.0012644768391497916,12064.985,39.548
2024,8,14,0,0,0,50,485.72548439150023,0.19899299342560145,2.0237405611854724,0.0010971112260825516,11876.470000000001,33.806925
2024,8,14,1,0,0,50,488.90573952654006,0.17674322685662922,2.022196901682493,0.0015559071986680152,11825.07,40.739445
2024,8,14,2,0,0,50,491.55285846307277,0.18523462806923546,2.020170187129205,0.0012281396309763376,11876.035,29.537655
2024,8,14,3,0,0,50,486.0777441377418,0.18899536192719152,2.020633867266911,0.00107061209302443,12005.23,34.3816
2024,8,14,4,0,0,50,473.2070674817851,0.15502878029845263,2.026195971083931,0.0010435982859509072,12408.46,32.860775000000004
2024,8,14,5,0,0,50,451.58302848086265,0.2280741561144825,2.0272359087985024,0.0011591404146037714,13160.295,30.76822
2024,8,14,6,0,0,50,437.44002127372516,0.1740105575431068,2.018329862285432,0.0012973591419900659,13591.55,39.157650000000004
2024,8,14,7,0,0,50,425.6165203163614,0.20485693017265846,2.0050967604742214,0.0011842806567013697,13528.865,37.13108
2024,8,14,8,0,0,50,419.1204672481491,0.19827210263178985,1.9997494959852475,0.0018764890810487492,13476.825,46.838210000000004
2024,8,14,9,0,0,50,413.1958624197689,0.19320527054131265,1.9906605275690268,0.001526346463316615,13066.755000000001,31.56335
2024,8,14,10,0,0,50,410.1570420235606,0.19726842411011597,1.9866808730601244,0.0015684545497995574,12634.605,33.14674
2024,8,14,11,0,0,50,408.1162530208461,0.15969206162091304,1.9865123839256256,0.001139922014473215,12224.225,39.24625
2024,8,14,12,0,0,50,443.30404801020774,0.22334825387492396,1.9920256970330676,0.0011666566232454228,11542.740000000002,37.26098
2024,8,14,13,0,0,50,431.7189957044952,0.1810298061020179,1.9907745103856818,0.0014026321775836978,14457.189999999999,34.09961
2024,8,14,14,0,0,50,419.12513801955083,0.19271926599770847,1.9895098956411508,0.0012914506562964557,14989.945,35.115735
2024,8,14,15,0,0,50,413.5749683074111,0.18826937491683937,1.9931725149362691,0.001347446867205203,13757.529999999999,32.295575
2024,8,14,16,0,0,50,411.50289546539057,0.2368508925240744,1.9934944619190662,0.0019923494319620976,14241.91,51.93076
2024,8,14,17,0,0,50,415.40737904399833,0.1497539626724471,1.9914523306027787,0.0014438290264196323,15437.724999999999,32.85167
2024,8,14,18,0,0,50,416.3489196307646,0.2404953558949155,1.9938537444346736,0.0013260720113618747,14969.515,48.1143
2024,8,14,19,0,0,50,421.3596499990383,0.2358641692476849,1.9965795044649841,0.0009792545574183109,15068.779999999999,35.33712
2024,8,14,20,0,0,50,436.15179756028306,0.4160724161507471,2.039233789042351,0.0018969334605278033,14805.349999999999,39.343345
2024,8,14,21,0,0,50,430.43661468528,0.4147999142925378,2.0316558973475347,0.0010785751393346987,13778.505000000001,38.496305
2024,8,14,22,0,0,50,449.6589271485606,0.3095238334308574,2.04575200630745,0.0014216201033348027,13753.255000000001,35.979870000000005
2024,8,14,23,0,0,50,460.9218409976787,0.28594345539227095,2.0545933557622598,0.0015446277407739591,13825.16,40.247744999999995
2024,8,15,0,0,0,50,468.150300670393,0.35495091519816824,2.065339476415825,0.0012822143753896038,14137.689999999999,34.011645
2024,8,15,1,0,0,50,473.339136107105,0.4481532099515557,2.0457095989041343,0.0011205490101079615,13535.16,43.197255
2024,8,15,2,0,0,50,479.4562180281358,0.549050230419118,2.0301810305104446,0.001382257484753049,13114.675,44.648375
2024,8,15,3,0,0,50,484.348818579524,0.422228135076775,2.056416012077092,0.0010498920604058253,13029.07,29.01571
2024,8,15,4,0,0,50,498.9450231041256,0.40084526313468016,2.0548835083307555,0.0014736380598765688,13068.02,38.770815
2024,8,15,5,0,0,50,492.22167269426916,0.22426515550257436,2.0381300841542656,0.001395303110450541,13532.885,33.600835000000004
2024,8,15,6,0,0,50,458.7830082139442,0.2011250191871592,2.0180502651831436,0.0012957000317647032,13503.46,32.202555000000004
2024,8,15,7,0,0,50,434.86318220018563,0.17117547467001917,2.0133396794085217,0.0015374833457098348,12782.25,34.37064
2024,8,15,8,0,0,50,426.4802785357631,0.1793230066477491,2.017502735849235,0.0013293089940886174,12158.755000000001,39.232025
2024,8,15,9,0,0,50,418.12103275073684,0.1835764091897616,2.0128050454722746,0.0013857317542254799,11466.86,34.650455
2024,8,15,10,0,0,50,413.773257209681,0.16757457568653983,2.0007993904734844,0.0013193229126634673,11887.575,43.534490000000005
2024,8,15,11,0,0,50,411.2980539521643,0.19769596377894935,1.9976754461016553,0.0014307170827632231,12173.005000000001,34.81086
2024,8,15,12,0,0,50,409.6787313153384,0.14934808274719227,2.0037968922170712,0.0014578711084673656,11768.470000000001,45.964115
2024,8,15,13,0,0,50,407.98277524311766,0.2162317895113861,2.0099423561212015,0.001744142554930518,12479.585,33.66455
2024,8,15,14,0,0,50,406.4143068389972,0.16889023180435225,2.0112798486250885,0.0012306490408313013,13251.44,26.697915000000002
2024,8,15,15,0,0,50,410.9438214693396,0.16387671301643442,2.0204320836704524,0.0010782838208316537,13398.545,32.638684999999995
2024,8,15,16,0,0,50,415.4860523874528,0.1763297499745426,2.034625738311882,0.0011510828950433423,14355.125,28.0933
2024,8,15,17,0,0,50,423.43481543267615,0.19191608451604597,2.0300416103792625,0.0010658635252115117,13868.41,40.665325
2024,8,15,18,0,0,50,423.02476033958106,0.20461754612747426,2.031155670330646,0.0015025171659331072,13419.310000000001,32.115005
2024,8,15,19,0,0,50,424.56195735499966,0.19430843117853713,2.035921311271231,0.0012612335678508753,12954.235,33.44081
2024,8,15,20,0,0,50,429.40831687717144,0.22893260286907507,2.036586845790513,0.0015014809512022792,13071.845,33.247195
2024,8,15,21,0,0,50,442.9788403158418,0.21850198120985487,2.064728230033972,0.0013086088769940472,13372.955,27.04385
2024,8,15,22,0,0,50,448.84913214664135,0.23303926424128166,2.0780115139279216,0.0016549448009809636,13568.635,46.575810000000004
2024,8,15,23,0,0,50,456.88553271730575,0.23504126516001617,2.0746159849324135,0.0015346494955051086,13451.880000000001,43.14372
2024,8,16,0,0,0,50,461.5447985090867,0.17545456072021254,2.073775222137686,0.0016467835520304565,13182.545,30.209159999999997
2024,8,16,1,0,0,50,463.260945268093,0.2215237009053859,2.077704545129645,0.001085865857707132,12778.380000000001,41.090774999999994
2024,8,16,2,0,0,50,463.9338818562321,0.2279213582693894,2.082241769391642,0.0014480524428197486,12438.474999999999,40.70313
2024,8,16,3,0,0,50,469.22206933222833,0.22203146422397763,2.0941504416460015,0.0014021466171300102,12389.404999999999,38.197885
2024,8,16,4,0,0,50,464.2393017847511,0.16611277700610022,2.1039677568386987,0.0009066752303845453,12493.974999999999,29.879154999999997
2024,8,16,5,0,0,50,451.72754369866595,0.1593181644107401,2.0858157790908676,0.0010269098876501742,12946.85,30.964025
2024,8,16,6,0,0,50,433.33876376968703,0.15853334483646825,2.04929170063211,0.0013120144608307757,13478.48,39.693875000000006
2024,8,16,7,0,0,50,420.704440202259,0.1824757243713922,2.032960520056963,0.0011530368751403964,13430.89,26.36165
2024,8,16,8,0,0,50,413.2612245558305,0.1994849184638143,2.025178708214269,0.0014283331717098106,13306.445,35.744365
2024,8,16,9,0,0,50,409.589776898546,0.21401161469714353,2.023503711600272,0.0012381737689799405,13493.625,43.21465
2024,8,16,10,0,0,50,407.18865814423987,0.1696385437975489,2.0192790080546397,0.0011601868652049328,13585.994999999999,34.37983
2024,8,16,11,0,0,50,406.0611750916663,0.1952691134716408,2.0159694124240817,0.0010731742546704242,13561.380000000001,33.007115
2024,8,16,12,0,0,50,404.8415893915306,0.19016227825961526,2.0151707625600968,0.0015237114404677522,14236.185000000001,39.33201
2024,8,16,13,0,0,50,403.5299111177951,0.1883325575796493,2.0128092403103457,0.0021289612708369878,14346.845,53.57804
2024,8,16,14,0,0,50,403.51188711844884,0.17875079280372325,2.0147549985263593,0.001305096463324785,14607.880000000001,41.21755
2024,8,16,15,0,0,50,404.87500035190834,0.1649841884926772,2.018407443897673,0.001529258570789861,15470.93,29.86749
2024,8,16,16,0,0,50,411.037899061248,0.16079241983396625,2.0267250265542116,0.0019991658533292395,15656.585,53.75936
2024,8,16,17,0,0,50,415.62154861011703,0.15856757905632085,2.025660869867177,0.0012368768941311277,15662.705,30.434469999999997
2024,8,16,18,0,0,50,418.9486617580254,0.20282094003181228,2.0251712028852995,0.00102684835507241,15789.404999999999,33.19366
2024,8,16,19,0,0,50,424.0169582861813,0.1649465801208008,2.029755176914831,0.0009608748170141174,17151.370000000003,31.417450000000002
2024,8,16,20,0,0,50,431.0941594184535,0.2156202383068495,2.038027911030059,0.0012354887600188218,17034.385000000002,33.73449
2024,8,16,21,0,0,50,438.44955760210985,0.2255369019953735,2.0442983676851707,0.0017418245195719932,16299.805,51.205645000000004
2024,8,16,22,0,0,50,446.24322167672165,0.1747896158756944,2.0429699256944547,0.0013499997978749854,15820.3,33.6783
2024,8,16,23,0,0,50,453.6936675852821,0.1890909238973614,2.043354214453041,0.0013716379925266663,15507.115,33.14726
2024,8,17,0,0,0,50,453.4715485475106,0.23377282846578956,2.04657915141862,0.0014186534934380927,15482.,29.85389
2024,8,17,1,0,0,50,454.33768297518844,0.2583911076083587,2.0469876846506514,0.0022950953120217683,15556.665,43.848655
2024,8,17,2,0,0,50,458.36652275633577,0.23347913427092737,2.044311725657165,0.0019480903763482486,15351.26,51.20055
2024,8,17,3,0,0,50,462.2054035429319,0.2093094240447725,2.0438469330937936,0.001019416445472379,15542.225,24.548375
2024,8,17,4,0,0,50,468.321875832511,0.18557399856344445,2.059839387832984,0.001343104423811021,15679.975,31.445085
2024,8,17,5,0,0,50,469.4864440340369,0.20271193476959737,2.0697020330632188,0.0014366238177787388,16010.605,37.45019
2024,8,17,6,0,0,50,463.7783837018783,0.21782001031607312,2.0567737945233757,0.001277646938738082,16103.744999999999,37.7307
2024,8,17,7,0,0,50,452.3072999386811,0.18675611293629524,2.04813715351946,0.0011235438933085594,16558.6,29.41995
2024,8,17,8,0,0,50,433.1169347779462,0.16942596701984486,2.040069613594592,0.0008613620689626032,16267.555,24.91274
2024,8,17,9,0,0,50,421.2219877473276,0.1708909490530437,2.018895203660617,0.001336030996823054,16230.09,40.05059
2024,8,17,10,0,0,50,416.5930796766487,0.19044891116423773,2.0135122856113066,0.0017063269393512506,15589.91,43.358975
2024,8,17,11,0,0,50,414.9462250939728,0.1586486781982112,1.9989833253168208,0.0012041150064942125,15474.04,34.522735
2024,8,17,12,0,0,50,412.0527093721389,0.16544730880091435,1.9906979197816095,0.0015228899074984713,14902.89,40.322775
2024,8,17,13,0,0,50,420.2514527123126,0.1791993534466149,2.0063284871662863,0.000913956765042391,15329.5,33.112345000000005
2024,8,17,14,0,0,50,424.75474478536603,0.18375085088874987,2.0155057927267923,0.0008780468679543379,15778.545,30.138885000000002
2024,8,17,15,0,0,50,426.335835245805,0.19138586696520699,2.0185329691610745,0.0015739326615213755,16204.99,31.000875
2024,8,17,16,0,0,50,424.8663474800299,0.1716207102602616,2.0167252482031115,0.000871203341425833,16227.525,34.3095
2024,8,17,17,0,0,50,426.2871869663883,0.16043470393721387,2.011223058765096,0.0010324028757289514,16046.74,35.11929000000001
2024,8,17,18,0,0,50,430.07252706583574,0.1901576978756758,2.004766378928464,0.0014818419177340613,15574.725,42.284515
2024,8,17,19,0,0,50,433.52299397752324,0.1989286354583204,2.0057571468890445,0.0008953710793732845,15668.02,35.854225
2024,8,17,20,0,0,50,441.0375062245863,0.16463048797923788,2.0129337171043664,0.0008619488521165565,15503.125,26.00192
2024,8,17,21,0,0,50,451.19465204376996,0.2074460333351964,2.0248188321943457,0.0016821504635708027,15013.375,39.76052
2024,8,17,22,0,0,50,456.99060489537777,0.19645404589872173,2.030130120651261,0.0011874392697553552,14956.225,32.176845
2024,8,17,23,0,0,50,467.02095318721115,0.22610069040188696,2.0306603749494876,0.0014025727764914496,14950.395,41.660759999999996
2024,8,18,0,0,0,50,470.3731139920676,0.2782216933854804,2.0272644870099024,0.0017396936950298547,14119.98,52.813535
2024,8,18,1,0,0,50,449.7065409286154,0.2182762094913735,1.9998155478524378,0.002258460983134203,12691.56,57.014975
2024,8,18,2,0,0,50,444.04871218358886,0.17437712077798176,1.9940561368376746,0.0016176622087197595,12454.77,38.008970000000005
2024,8,18,3,0,0,50,444.4937205018957,0.19933629129329125,1.9971235715487137,0.0010065602657000946,12561.84,35.07818
2024,8,18,4,0,0,50,445.42525604939,0.21943999996247493,2.0006285639133727,0.001439307786969713,12429.04,32.973794999999996
2024,8,18,5,0,0,50,431.839093580105,0.24587167989086106,1.9927744347494705,0.002027461823011311,12823.130000000001,42.544039999999995
2024,8,18,6,0,0,50,418.8917054905245,0.1596288468369894,1.977899252184029,0.0011294178703756457,12964.835,37.153014999999996
2024,8,18,7,0,0,50,412.3095646758704,0.20243475244910833,1.968519276714858,0.0014958935319974898,12057.115,31.794269999999997
2024,8,18,8,0,0,50,411.1116480573545,0.2164577409709121,1.9665325181387183,0.0014232525201049004,11218.310000000001,36.518885
2024,8,18,9,0,0,50,408.1303880348702,0.17665133687692297,1.9666128969353776,0.0009469385235368851,11450.765,29.005845
2024,8,18,10,0,0,50,406.6874299345078,0.16169427948851656,1.9643317117970382,0.0013762854524297635,11218.085,35.620085
2024,8,18,11,0,0,50,404.46377125924937,0.20154060193137058,1.9630958177490183,0.0016626571379030224,11049.73,51.293735
2024,8,18,12,0,0,50,403.19813388562625,0.21914693188223833,1.9617734964915545,0.001139491696544894,10889.91,32.419019999999996
2024,8,18,13,0,0,50,402.0419104139013,0.15353265025096074,1.9617412742317935,0.0016436533106154658,11297.865,41.063590000000005
2024,8,18,14,0,0,50,401.398514607405,0.19377877721743542,1.9620888743483214,0.0019112169683052696,11126.11,40.353674999999996
2024,8,18,15,0,0,50,401.1297809757959,0.15170104699254228,1.9621749838609281,0.001016740593933007,11324.24,27.30972
2024,8,18,16,0,0,50,402.3905228697249,0.24846131391200296,1.962689333470718,0.0015031184479665956,11533.835,44.061115
2024,8,18,17,0,0,50,406.2747285241953,0.20833049485912083,1.9780301945763208,0.002084653885699698,12329.154999999999,60.565070000000006
2024,8,18,18,0,0,50,410.1994321889699,0.22269239500829752,2.0079614842219113,0.0027496341373939035,12660.77,67.29416
2024,8,18,19,0,0,50,414.0771186675007,0.20323340211725255,2.006524220898268,0.0013213935357056132,12528.900000000001,37.47135
2024,8,18,20,0,0,50,418.95316674995905,0.17983630734437495,2.005948013014474,0.0013086556953874348,12264.545,33.43658
2024,8,18,21,0,0,50,422.6620658887006,0.2063745381100232,2.010727948764844,0.0009284121579562388,12292.52,21.091929999999998
2024,8,18,22,0,0,50,427.2478880271427,0.20363946562374519,2.0170399080047092,0.0021015396729376,12381.634999999998,50.580265
2024,8,18,23,0,0,50,434.4734260454388,0.1847056558408105,2.0225448070037357,0.00231261279626091,12209.425,50.86914
2024,8,19,0,0,0,50,447.6617578005348,0.2820706184758039,2.048344167883105,0.00140937809057624,12089.08,41.520415
2024,8,19,1,0,0,50,451.8543172259923,0.26656673192230906,2.0562813616731863,0.0018188575330350648,12048.67,45.321895
2024,8,19,2,0,0,50,452.39232128526237,0.3134709537838102,2.0491531850070306,0.0016719885647628779,12024.025,38.071095
2024,8,19,3,0,0,50,458.7135189286504,0.23186323369293105,2.036053444707231,0.0008324072031569467,12039.415,25.61973
2024,8,19,4,0,0,50,452.9215119889185,0.3418315903137302,2.0172646417873326,0.001205572012196312,12496.66,45.782129999999995
2024,8,19,5,0,0,50,448.8295648972352,0.19954448686039097,2.03345159481863,0.0010374776113282647,13048.605,28.52025
2024,8,19,6,0,0,50,445.48807859352144,0.2044171017117407,2.066904981154511,0.0011163597004184209,13908.43,33.856519999999996
2024,8,19,7,0,0,50,439.21962610349897,0.19378727369370846,2.067694485247493,0.0010491244828739889,14646.33,31.68793
2024,8,19,8,0,0,50,438.2039332871445,0.2407513013479033,2.07094180939665,0.001435552105321446,15517.185,40.19001
2024,8,19,9,0,0,50,438.6239447897964,0.19407370613517483,2.10047997530811,0.001043075351347897,15799.295,36.70509
2024,8,19,10,0,0,50,435.9989620888388,0.21030491393747097,2.105351528362374,0.001316542434874115,15898.99,34.76102
2024,8,19,11,0,0,50,423.88548038147337,0.19502715092506734,2.040580433039463,0.002081454450403214,15437.345000000001,44.070645
2024,8,19,12,0,0,50,412.2456745382415,0.1724617568725872,2.0047582042622265,0.0010219820830741242,15157.155,30.184215000000002
2024,8,19,13,0,0,50,409.2262431701329,0.1695702547224795,1.9994107066291165,0.0007967571298636135,15265.755000000001,27.027720000000002
2024,8,19,14,0,0,50,407.7615541296267,0.19054647983993786,1.9913786870158856,0.001487828476149934,15473.025,31.66909
2024,8,19,15,0,0,50,406.9046617291951,0.1792752149691111,1.9920856319739966,0.0013128589877907714,15254.75,38.52819
2024,8,19,16,0,0,50,406.77687455351906,0.18463102412698748,1.9919737765318482,0.0014599994448800044,15500.915,43.052225
2024,8,19,17,0,0,50,412.8830974062834,0.16444296670849357,1.9799977804996947,0.0007477095900380979,15382.645,26.983355
2024,8,19,18,0,0,50,423.1494581195801,0.21549138103937543,1.991748742073539,0.0016342960532768017,15205.365,29.258375
2024,8,19,19,0,0,50,431.7780782879495,0.19844137306054482,2.0046697626709387,0.0008277995450825167,15010.865,30.875790000000002
2024,8,19,20,0,0,50,437.0079595300938,0.21230933760393209,2.0066598258885335,0.0015909993608618162,14577.475,40.38826
2024,8,19,21,0,0,50,450.05925773021823,0.21451750599964808,2.0172161210217,0.0014041524515317084,14119.23,37.957944999999995
2024,8,19,22,0,0,50,460.8442105509439,0.20216615213195666,2.0433149807173345,0.0014958661468362808,13133.66,42.878114999999994
2024,8,19,23,0,0,50,461.4505695914451,0.18253642225590896,2.0348446424168563,0.0015001637904710741,12517.369999999999,51.777215
2024,8,20,0,0,0,50,464.2697364102978,0.19201202865378095,2.027157485894712,0.00104640717991082,12455.36,32.69794
2024,8,20,1,0,0,50,463.4185073030545,0.2080728132591158,2.0170415230345546,0.0011682219233184832,12082.92,32.779615
2024,8,20,2,0,0,50,470.2555622291176,0.24959941783308576,2.0162085235940275,0.0013093290445928736,11919.619999999999,38.13678
2024,8,20,3,0,0,50,476.79201588948615,0.248140830859775,2.0239004268881002,0.0010181971200337544,11821.51,30.361485000000002
2024,8,20,4,0,0,50,483.844604318581,0.23366852979496325,2.044422699506174,0.0010736660431957899,11738.53,30.240009999999998
2024,8,20,5,0,0,50,484.4820539550913,0.19635067166771925,2.0404112279191615,0.0013177598495695579,12224.325,38.11672
2024,8,20,6,0,0,50,465.2191672420057,0.19757062994374108,2.0409847359006914,0.001187547332295817,12804.305,35.9162
2024,8,20,7,0,0,50,436.9240232334529,0.18117072300657533,2.0058906252703688,0.0014211551053888477,12119.779999999999,45.548205
2024,8,20,8,0,0,50,425.4500022456258,0.2349382431877885,1.988746623999297,0.0013211713322904455,10712.415,31.97672
2024,8,20,9,0,0,50,415.6242116883152,0.1983051872094891,1.981812601340358,0.001066487681350738,11145.825,35.57921
2024,8,20,10,0,0,50,413.2594693443213,0.18949697704565252,1.9802514855417228,0.0016981793817608373,10690.53,45.16279
